Workbook

Sheet Dashboard
A1: AI Governance — progress
A2: Calculated live from the Status column on the Checklist sheet.
A4: Status | B4: Controls
A5: =Lists!A2 -> Not started | B5: =COUNTIF(Checklist!$L$6:$L$17,A5) -> 12
A6: =Lists!A3 -> In progress | B6: =COUNTIF(Checklist!$L$6:$L$17,A6) -> 0
A7: =Lists!A4 -> Implemented | B7: =COUNTIF(Checklist!$L$6:$L$17,A7) -> 0
A8: =Lists!A5 -> Evidenced | B8: =COUNTIF(Checklist!$L$6:$L$17,A8) -> 0
A9: =Lists!A6 -> Not applicable | B9: =COUNTIF(Checklist!$L$6:$L$17,A9) -> 0
A10: Total controls | B10: =COUNTA(Checklist!$L$6:$L$17) -> 12
A12: In scope (excludes Not applicable) | B12: =B10-B9 -> 12
A13: Implemented or evidenced | B13: =B7+B8 -> 0
A14: Coverage (implemented or evidenced) | B14: =IF(B12=0,0,B13/B12) -> 0
A15: Audit-ready (evidenced only) | B15: =IF(B12=0,0,B8/B12) -> 0
A17: By area
A18: Area | B18: Controls | C18: Evidenced
A19: Foundations | B19: =COUNTIF(Checklist!$B$6:$B$17,A19) -> 3 | C19: =COUNTIFS(Checklist!$B$6:$B$17,A19,Checklist!$L$6:$L$17,"Evidenced") -> 0
A20: Accountability | B20: =COUNTIF(Checklist!$B$6:$B$17,A20) -> 2 | C20: =COUNTIFS(Checklist!$B$6:$B$17,A20,Checklist!$L$6:$L$17,"Evidenced") -> 0
A21: Transparency | B21: =COUNTIF(Checklist!$B$6:$B$17,A21) -> 1 | C21: =COUNTIFS(Checklist!$B$6:$B$17,A21,Checklist!$L$6:$L$17,"Evidenced") -> 0
A22: Trustworthiness | B22: =COUNTIF(Checklist!$B$6:$B$17,A22) -> 2 | C22: =COUNTIFS(Checklist!$B$6:$B$17,A22,Checklist!$L$6:$L$17,"Evidenced") -> 0
A23: Protection | B23: =COUNTIF(Checklist!$B$6:$B$17,A23) -> 1 | C23: =COUNTIFS(Checklist!$B$6:$B$17,A23,Checklist!$L$6:$L$17,"Evidenced") -> 0
A24: Operations | B24: =COUNTIF(Checklist!$B$6:$B$17,A24) -> 2 | C24: =COUNTIFS(Checklist!$B$6:$B$17,A24,Checklist!$L$6:$L$17,"Evidenced") -> 0
A25: Assurance | B25: =COUNTIF(Checklist!$B$6:$B$17,A25) -> 1 | C25: =COUNTIFS(Checklist!$B$6:$B$17,A25,Checklist!$L$6:$L$17,"Evidenced") -> 0

Sheet Checklist
A1: AI Governance Checklist
A2: Twelve controls to build, run and evidence responsible AI at enterprise scale.
A3: Edit only the yellow columns (Status, Assigned to, Target date, Evidence link, Notes). Status values come from the dropdown. Version 1.1.0 · 2026-10-26.
A5: # | B5: Area | C5: Control | D5: Description | E5: Evidence | F5: Quick test | G5: Suggested owner | H5: ISO/IEC 42001 | I5: NIST AI RMF | J5: EU AI Act | K5: Also maps to | L5: Status | M5: Assigned to | N5: Target date | O5: Evidence link | P5: Notes
A6: 01 | B6: Foundations | C6: AI inventory completed | D6: Identify and record every AI system, model, tool, agent and use case in the organisation, including embedded vendor AI and shadow use. | E6: AI register with owner, purpose, data used, vendor, risk tier and lifecycle status for each entry; date of last review. | F6: Pick three business units at random. Does every AI tool they use appear in the register? | G6: Chief AI Officer / AI governance lead | H6: Cl. 4.3, 7.5; Annex A.4 | I6: GOVERN 1.6; MAP 1.1 | J6: Art. 6, 49 (high-risk classification and registration) | K6: Australia AI6 practice 4 (AI system register) | L6: Not started
A7: 02 | B7: Foundations | C7: Risk classification framework defined | D7: Apply one consistent method to rate AI risk by impact and likelihood, and tie each tier to the controls and approvals it requires. | E7: Approved risk methodology; risk tier recorded against every register entry; documented tier-to-control matrix. | F7: Can two assessors rate the same use case independently and land on the same tier? | G7: Chief Risk Officer | H7: Cl. 6.1, 8.2; Annex A.5 | I7: MAP 1–5; GOVERN 1.3 | J7: Art. 6, 9 (classification, risk management) | K7: EN 18286:2026 (Art. 17(1)(g) risk management within the QMS); Australia AI6 practices 2–3 (impacts, risk) | L7: Not started
A8: 03 | B8: Accountability | C8: Governance committee established | D8: Stand up a cross-functional AI governance body with clear terms of reference, decision rights and a named accountable owner for every AI system. | E8: Terms of reference; membership spanning risk, legal, privacy, security, data and business; minutes showing decisions made. | F8: For any production AI system, can you name the one person accountable for it in under a minute? | G8: Executive sponsor / Board | H8: Cl. 5.1, 5.3; Annex A.3 | I8: GOVERN 2.1–2.3 | J8: Art. 17, 26 (quality management, deployer obligations) | K8: IEEE 2863-2026 (governance principles and processes for the governing body); Australia AI6 practice 1 (accountability) | L8: Not started
A9: 04 | B9: Accountability | C9: AI policies documented | D9: Approve and publish policies covering ethics, acceptable use, data, model governance and accountability, and train people on them. | E9: Board- or executive-approved AI policy; review date; staff attestation or training completion records. | F9: Ask five staff where the AI policy lives and what it forbids. How many can answer? | G9: Chief AI Officer / General Counsel | H9: Cl. 5.2; Annex A.2 | I9: GOVERN 1.2, 1.4 | J9: Art. 4 (AI literacy), Art. 17 | K9: EN 18286:2026 (harmonised QMS standard for Art. 17; presumption of conformity from 14 Oct 2026); IEEE 2863-2026 | L9: Not started
A10: 05 | B10: Transparency | C10: Model documentation standardised | D10: Use standard templates such as model cards and datasheets so every system can be understood, audited and handed over. | E10: Completed model card and data sheet per system, version-controlled, covering intended use, limits, training data provenance and evaluation results. | F10: Could an auditor who has never seen the system reconstruct what it does and why from the documentation alone? | G10: Model owner / ML engineering lead | H10: Cl. 7.5; Annex A.6, A.7 | I10: MAP 2.1–2.3; MEASURE 2.1 | J10: Art. 11, 12 (technical documentation, record-keeping) | K10: EN 18286:2026 (Art. 17(1)(e) technical specifications and 17(1)(k) record-keeping) | L10: Not started
A11: 06 | B11: Trustworthiness | C11: Bias and fairness testing implemented | D11: Test models for bias across relevant groups, disaggregated rather than in aggregate, and act on what you find. | E11: Fairness test plan with defined groups and thresholds; disaggregated results; remediation log for findings. | F11: Are results reported per group, and is there a written threshold that would block release? | G11: Model owner / Data science lead | H11: Annex A.5, A.7 | I11: MEASURE 2.11 | J11: Art. 10 (data and data governance) | K11: Australia AI6 practice 2 (impacts, incl. fairness); IEEE 2863-2026 (ethical principles) | L11: Not started
A12: 07 | B12: Trustworthiness | C12: Explainability requirements defined | D12: Set the level of explanation each system must provide based on the risk and impact of its decisions, including to affected people. | E12: Explainability standard by risk tier; sample explanations; human review and challenge route for affected individuals. | F12: If a person asks why the system decided against them, what exactly do you send them, and who sends it? | G12: Business owner / Model owner | H12: Annex A.8 | I12: MEASURE 2.9 | J12: Art. 13, 14, 86 (transparency, human oversight, right to explanation) | K12: Australia AI6 practices 4 and 6 (information for affected people; human control) | L12: Not started
A13: 08 | B13: Protection | C13: Security and privacy controls applied | D13: Protect data, models and outputs with security and privacy safeguards, including AI-specific threats such as prompt injection and data leakage. | E13: Privacy impact assessment; AI threat model; red-team or penetration test results; access controls on training data and prompts. | F13: Has the system been attacked on purpose (prompt injection, data exfiltration) before go-live, and were the findings fixed? | G13: CISO / Privacy Officer | H13: Annex A.7; aligns with ISO/IEC 27001, 27701 | I13: MEASURE 2.7, 2.10 | J13: Art. 15 (accuracy, robustness, cybersecurity) | K13: ISO/IEC 27090:2026 (AI security threats: poisoning, evasion, model inversion and extraction, prompt and output injection) | L13: Not started
A14: 09 | B14: Operations | C14: Continuous monitoring enabled | D14: Monitor performance, data drift, fairness and system behaviour in production, with alerts that reach a named person. | E14: Monitoring dashboard; defined metrics and thresholds; alert routing; drift and performance reports over time. | F14: If accuracy dropped 10% after a vendor model update, who would get the alert, and how fast? | G14: ML operations / Platform owner | H14: Cl. 9.1; Annex A.6 | I14: MANAGE 4.1; MEASURE 3.1 | J14: Art. 72 (post-market monitoring) | K14: EN 18286:2026 (Art. 17(1)(h) post-market monitoring); Australia AI6 practice 5 (monitoring); ISO/IEC 27090:2026 (attack detection) | L14: Not started
A15: 10 | B15: Operations | C15: Incident response process established | D15: Define how AI incidents are detected, escalated, contained, remediated and reported, and rehearse it. | E15: AI incident playbook; severity definitions; incident log; at least one tabletop exercise with lessons learned. | F15: Can you switch the system off or roll it back today, and has anyone practised doing it? | G15: CISO / Head of operations | H15: Cl. 10.2; Annex A.8 | I15: MANAGE 4.3; GOVERN 4.3 | J15: Art. 73 (reporting of serious incidents) | K15: EN 18286:2026 (Art. 17(1)(i) serious-incident procedures); Australia AI6 practice 5 (incident thresholds) | L15: Not started
A16: 11 | B16: Assurance | C16: Regulatory compliance reviews scheduled | D16: Track changing laws and standards and run periodic compliance assessments and independent audits. | E16: Regulatory horizon register; compliance assessment schedule; internal audit reports and management responses. | F16: When did a law affecting your AI last change, and how long did it take you to notice? | G16: Compliance / Internal audit | H16: Cl. 9.2, 9.3 | I16: GOVERN 1.1 | J16: Art. 43 (conformity assessment), Art. 113 (application dates) | K16: EN 18286:2026 (cited in the OJ on 14 Oct 2026; Art. 17(2)–(4) not covered); Australian Standards for AI (announced Jul 2026; legislation expected early 2027) | L16: Not started
A17: 12 | B17: Foundations | C17: Generative AI usage rules created | D17: Set clear rules for safe, responsible and compliant use of generative AI tools and models, including approved tools and data limits. | E17: Generative AI standard; approved-tools list; data classification rules for prompts; output review and labelling requirements. | F17: Do staff know which tools are approved, and what data they must never paste into them? | G17: Chief AI Officer / CISO | H17: Annex A.9, A.10 | I17: NIST AI 600-1 (Generative AI Profile) | J17: Art. 50 (transparency for certain AI systems), Art. 53 (GPAI providers) | K17: ISO/IEC 27090:2026 (prompt injection; sensitive information in outputs) | L17: Not started
A19: Example of a filled row: Status = Evidenced · Assigned to = J. Smith (CRO) · Target date = 2026-12-15 · Evidence link = https://intranet/ai-register · Notes = Register reviewed by audit committee Nov 2026.
A20: Framework mapping: Framework references are indicative mappings to help you find the relevant requirement. "Also maps to" covers ISO/IEC 27090:2026 (AI security), EN 18286:2026 (the EU AI Act harmonised quality-management standard), IEEE 2863-2026 (organisational AI governance) and Australia's Guidance for AI Adoption (AI6). Verify against the current official text of each standard or law before relying on them for compliance.

Sheet Lists
A1: Status
A2: Not started
A3: In progress
A4: Implemented
A5: Evidenced
A6: Not applicable

Sheet About
A1: About
A2: Publisher | B2: NexGuide.AI
A3: Version | B3: 1.1.0
A4: Updated | B4: 2026-10-26
A5: Web version | B5: https://caiotk.github.io/NxgdAI-Governance-Checklist/
A6: Source repository | B6: https://github.com/caiotk/NxgdAI-Governance-Checklist
A7: How to use | B7: Set a Status for each control on the Checklist sheet. The Dashboard updates itself. A control counts as audit-ready only when it is Evidenced.
A8: Framework mapping | B8: Framework references are indicative mappings to help you find the relevant requirement. "Also maps to" covers ISO/IEC 27090:2026 (AI security), EN 18286:2026 (the EU AI Act harmonised quality-management standard), IEEE 2863-2026 (organisational AI governance) and Australia's Guidance for AI Adoption (AI6). Verify against the current official text of each standard or law before relying on them for compliance.
A9: Licence | B9: CC BY 4.0 — share and adapt with attribution to NexGuide.AI.
